first_name,email,gender,company_name,city
Wells,wcastagneri0@altervista.org,Male,Yambee,Hodkovičky
Dill,dbrimmacombe1@webeden.co.uk,Male,Midel,Chemerivtsi
Gaultiero,gparsisson2@ask.com,Male,Yacero,Périgueux
Nelli,nbearcroft3@multiply.com,Female,Yodoo,Henghe
Constantina,cjohnsey4@google.de,Genderqueer,Divape,Apt
Tobi,tloughney5@illinois.edu,Female,Jaxworks,El Zapotal del Norte
Abbe,akillough6@goo.gl,Male,Mydeo,Xinming
Eben,eglanders7@cornell.edu,Male,Twiyo,Karma
Thea,tcampany8@hc360.com,Genderqueer,Quinu,Gushikawa
Chadd,charrill9@google.es,Male,Skivee,Jiangkouxu
Erhart,eollanda@auda.org.au,Male,Skidoo,Tapera
Marjory,mcarlyonb@freewebs.com,Female,Trilith,João Pessoa
Waylon,wberzonsc@wix.com,Male,Aimbu,Sumuran
Andonis,aroutledged@scribd.com,Male,Wikizz,Tianqian
Artemas,aetone@blogs.com,Male,Zoomzone,Maydolong
Jaime,jdurdanf@instagram.com,Male,Kwilith,Potou
Arvie,aleachmang@usa.gov,Male,Podcat,Aş Şūrah aş Şaghīrah
Freddy,florrimerh@ihg.com,Male,DabZ,Chunoyar
Mel,mantoszewskii@slideshare.net,Female,Flipopia,Trashigang
Pearla,prodrigoj@ca.gov,Female,Realbuzz,Mapou
Phyllida,pelsterk@vkontakte.ru,Female,Cogilith,Perstorp
Bronson,bgobertl@nature.com,Male,Dablist,Niechanowo
Netti,nyirrellm@scientificamerican.com,Female,Kanoodle,Muyudian
Doria,djanjusevicn@npr.org,Female,Jabbersphere,Santa Fe
Deva,dharesnaipo@redcross.org,Female,Flipstorm,Patarrá
Alena,ahallbirdp@biblegateway.com,Female,Thoughtstorm,Huilong
Oralle,omcclochq@free.fr,Female,Aivee,Jamundí
Ilyse,icowgillr@comsenz.com,Female,Jaxworks,Pedra Branca
Rodina,rfruchons@time.com,Genderfluid,Camimbo,Aveleda
Shea,ssurbyt@slashdot.org,Female,Avamba,São Pedro
Melany,mwickmannu@netscape.com,Female,Edgeblab,Aqqan
Orv,oelgyv@dropbox.com,Male,Abatz,Malianzhuang
Conni,cstruthersw@chicagotribune.com,Female,Skiptube,Wangcheng
Cart,cmapstonx@booking.com,Male,Oyonder,Savyon
Dionne,dhadgkissy@youtu.be,Female,Skyble,Invercargill
Siffre,ssarjeantz@bbb.org,Male,Katz,Brest
Lacy,lhannant10@yellowpages.com,Female,Photojam,Wu’erbu Baolige
Goldie,gjakubowicz11@nba.com,Female,Plajo,Xiacang
Jeremiah,jbye12@a8.net,Male,Tagtune,Kasreman Wetan
Rosita,rritchings13@g.co,Female,Wikizz,Portela
Arny,agrief14@aol.com,Male,Talane,Garahaji
Kerstin,khaggerstone15@seesaa.net,Female,Photolist,Ojos de Agua
Brant,blivens16@bluehost.com,Non-binary,Fanoodle,Lapas
Charline,cblenkin17@cornell.edu,Female,Eare,Pokhvistnevo
Audre,afurlonge18@cdc.gov,Female,Feedbug,Moravský Beroun
Hildegaard,hfishbourne19@blinklist.com,Female,Skyndu,Tyshkivka
Kerry,kadrienne1a@xing.com,Male,Blogpad,Chikwawa
Arleyne,awardrope1b@acquirethisname.com,Female,Izio,Lunyuk Ode
Templeton,ttownshend1c@webmd.com,Bigender,Digitube,Gongchang Zhen
Dyana,dslobom1d@ibm.com,Female,Quatz,Laâyoune / El Aaiún
Vannie,vhappel1e@miitbeian.gov.cn,Female,Realbuzz,Pomiechówek
Ali,adoherty1f@tamu.edu,Male,Oyoyo,Berekum
Finlay,fdigwood1g@umn.edu,Male,Reallinks,Huaniao
Killie,ketty1h@wikia.com,Male,Katz,Ban Mo
Brander,bglusby1i@blogger.com,Male,Quaxo,Ārt Khwājah
Antonie,akittless1j@google.de,Female,Voonyx,Ipameri
Lemuel,lneedham1k@forbes.com,Male,Oodoo,Ararat
Cecilia,celan1l@usatoday.com,Female,Realmix,Niš
Perkin,pparmeter1m@google.co.jp,Male,Innotype,Sasaguri
Ladonna,llammie1n@narod.ru,Female,Skimia,Christiana
Terry,tgulberg1o@state.gov,Male,Snaptags,Giade
Roze,rfilipputti1p@uiuc.edu,Female,Demizz,Chixi
Maurice,mvoysey1q@constantcontact.com,Male,Feedfire,Popil'nya
Sashenka,splues1r@php.net,Female,Yakijo,Divnoye
Karrie,kbevan1s@gov.uk,Female,Babbleset,Jiangchuanlu
Violet,vgras1t@nature.com,Female,Realblab,Tutup
Paddie,pwrack1u@weibo.com,Male,Kaymbo,Hässelby
Corabella,cmoulson1v@acquirethisname.com,Agender,Ntag,Zhengji
Wenda,wdoidge1w@google.cn,Female,Meezzy,Portalegre
Omar,oroby1x@printfriendly.com,Male,Riffwire,Chengmagang
Petunia,ppayler1y@prlog.org,Female,Trupe,As Suwaydā
Ann,abispo1z@java.com,Female,Gabspot,Māmūnīyeh
Ogdan,omccarver20@oracle.com,Male,Leenti,Baohe
Alicia,anagle21@biblegateway.com,Female,Aimbu,Thạnh Mỹ
Forrester,flabell22@dropbox.com,Male,Jamia,Gorjani
Kerwin,koldey23@nifty.com,Male,Jazzy,Mwaya
Nicolais,nduckham24@typepad.com,Male,JumpXS,Vitim
Leoline,lpattenden25@hhs.gov,Female,Pixope,Évodoula
Ange,apimerick26@usnews.com,Male,Skimia,Ngantru
Devi,dvandijk27@cam.ac.uk,Female,Realfire,Mospyne
Ebba,egreatham28@seesaa.net,Female,Realblab,Gikongoro
Riobard,rbreckon29@msu.edu,Male,Skivee,Isugod
Colver,camyes2a@desdev.cn,Male,Wordify,Zerkten
Perl,pmulvaney2b@census.gov,Female,Geba,Novyy Uoyan
Doy,darundale2c@is.gd,Male,Twiyo,Senta
Irvine,itreagus2d@ftc.gov,Genderqueer,Skyvu,Noeltoko
Annecorinne,aspatoni2e@ehow.com,Female,Thoughtworks,San Jose
Poppy,pguidera2f@ow.ly,Agender,Aimbo,Mem Martins
Garrot,gkurt2g@nsw.gov.au,Male,Meemm,Paris 08
Bartholomeus,btangye2h@cbslocal.com,Male,Dazzlesphere,Göteborg
Ado,ajesty2i@flavors.me,Male,Janyx,Kaeng Khoi
Karly,kmacenelly2j@washington.edu,Female,Wikizz,Usol’ye
Barde,bfountain2k@columbia.edu,Male,Fivespan,Ojrzeń
Shanie,sdaspar2l@prweb.com,Female,Topicshots,Chuanpu
Ronnie,rmcgauhy2m@soundcloud.com,Male,Browsezoom,Casais de Revelhos
Eldin,egalsworthy2n@deviantart.com,Male,Fivebridge,Bor Ondor
Ramsey,rclimie2o@businesswire.com,Male,Blogtags,Náchod
Cary,cdemerida2p@comsenz.com,Female,Wikido,Kalisari
Jdavie,jsullens2q@creativecommons.org,Male,Rhyzio,Zgornje Gorje
Herold,hlattimer2r@mapquest.com,Male,Livetube,Yongxing
Gerhard,gmunro2s@twitter.com,Male,Jabbersphere,Al Majd
Egbert,ecolin2t@geocities.jp,Male,DabZ,Adzopé
Leeann,lhebard2u@indiatimes.com,Female,Leenti,Lampa
Rodney,rpigrome2v@mit.edu,Male,Kwinu,Tršić
Gaby,gdedon2w@mediafire.com,Male,Thoughtmix,Beit Horon
Rani,rrouth2x@time.com,Agender,Topiclounge,Mādārīpur
Giacobo,gding2y@hao123.com,Male,Skiptube,Xieba
Daniel,dabeau2z@cbsnews.com,Male,Dabjam,Villa Nueva
Terry,thackley30@rambler.ru,Male,Voonder,Xiqiao
Kliment,ktissier31@loc.gov,Male,Mynte,Santo Antônio de Pádua
Trudy,tlegrand32@mashable.com,Female,Voonte,Guaíra
Leonie,lcheco33@nyu.edu,Female,Yakitri,Dehang
Bunni,bjaycox34@ihg.com,Female,Realcube,Seia
Anna,alerway35@de.vu,Female,Rooxo,Longzhou
Alethea,acardis36@fda.gov,Female,Blogtags,Huibu
Dawna,dmaddison37@woothemes.com,Female,Nlounge,Damanhūr
Maryanne,mprine38@usnews.com,Female,Eare,Binjai
Olivette,obreakwell39@wikimedia.org,Female,Skyvu,Pathein
Tracey,tcahalan3a@pcworld.com,Female,LiveZ,Eṭ Ṭaiyiba
Inessa,ikindell3b@paginegialle.it,Female,Meeveo,Marhanets’
Maurizio,mumbert3c@huffingtonpost.com,Male,Demivee,Esperanza
Forster,fdrayson3d@chron.com,Male,Trudoo,Nampula
Fransisco,fgiacoppoli3e@ucla.edu,Bigender,Digitube,Zhongzhai
Tabb,tchampkin3f@google.fr,Male,Thoughtstorm,Malveira
Mohandas,mpinxton3g@exblog.jp,Male,Feedmix,Soukkouma
Nancy,njacobovitz3h@howstuffworks.com,Female,Divanoodle,Liren
Catha,cburdell3i@myspace.com,Female,Zoombeat,Qidu
Sisile,skenvin3j@scientificamerican.com,Female,Mydeo,Xinji
Ragnar,rgateman3k@epa.gov,Male,InnoZ,Libertad
Bram,bervine3l@reuters.com,Male,Brainsphere,San José de los Remates
Nels,nbridson3m@ucsd.edu,Male,Katz,Kulautuva
Bernard,bdrewe3n@ucla.edu,Male,Youopia,Sukamahi Satu
Temp,tkolakovic3o@edublogs.org,Male,Chatterpoint,Konakridee
Sterling,sdewhurst3p@geocities.jp,Male,Geba,Puhechang
Linnell,llittrick3q@com.com,Female,Babbleset,Ryczów
Nick,njagger3r@bandcamp.com,Male,Buzzshare,Guia
Reilly,rwestmoreland3s@chronoengine.com,Male,Myworks,Sebewe
Sarina,smckern3t@jigsy.com,Female,Skilith,Wuyang
Peadar,pscraggs3u@phpbb.com,Male,Ailane,Bautista
Win,wstrange3v@wufoo.com,Male,Fadeo,Darvi
Maryanna,mcrosland3w@apache.org,Female,Quamba,Aguilar
Ginger,ggrigoryov3x@devhub.com,Female,Skibox,Kotabaru
Giorgio,gblinkhorn3y@nifty.com,Male,Npath,Wichita
Bengt,bvowell3z@oaic.gov.au,Male,Jabbertype,Tongqiao
Britney,bcogan40@e-recht24.de,Female,Centidel,Shijing
Charlene,cellerby41@adobe.com,Polygender,Cogidoo,Sabtang
Joye,jrippin42@ocn.ne.jp,Female,DabZ,Gadžin Han
Tam,tcollecott43@printfriendly.com,Male,Dablist,Yingchuan
Kimball,kpiggins44@meetup.com,Male,Brainverse,Ciechocin
Rawley,rlippiett45@businesswire.com,Male,Twitterwire,Aswan
Gaylord,gheditch46@linkedin.com,Non-binary,Plambee,Karangtanjung
Euell,ecarnalan47@usnews.com,Genderfluid,Vinder,Dongming
Bartlet,bcoraini48@oaic.gov.au,Male,Dynazzy,Sigou
Charil,canelay49@freewebs.com,Bigender,Livetube,Cibunut
Fidole,fassad4a@senate.gov,Male,Abata,São Vicente de Ferreira
Munroe,mmundy4b@ibm.com,Male,Dabjam,Tegalgede Kulon
Brittaney,bprestney4c@globo.com,Female,Browsecat,Chengzhai
Iona,icantos4d@imageshack.us,Female,Eamia,Banjar Kawan
Joe,jlawes4e@phoca.cz,Male,Pixonyx,Pueblo Nuevo
Shermie,sfitzgilbert4f@prweb.com,Male,Chatterbridge,Imishli
Derrik,dandrault4g@dagondesign.com,Male,Talane,Kupavna
Cirillo,ceckh4h@deviantart.com,Male,Gigabox,Bariri
Conroy,chartill4i@craigslist.org,Male,Feednation,Sośnicowice
Lavina,lsuche4j@shop-pro.jp,Female,Mybuzz,Rasskazovo
Roda,rseymour4k@biglobe.ne.jp,Female,Skilith,Agnibilékrou
Cyrillus,chardaker4l@skyrock.com,Genderfluid,Rhybox,Bugarama
Ricki,rgarwill4m@amazon.co.jp,Polygender,Brainlounge,Rio das Ostras
Ignacius,igerlts4n@wordpress.org,Male,Meemm,Liusi
Marchelle,mcampsall4o@clickbank.net,Female,Feedmix,Gwoźnica Górna
Patric,ptall4p@topsy.com,Male,Jayo,Laiya
Jacenta,jnapier4q@hao123.com,Female,Meeveo,Huambo
Juline,jbolsover4r@jimdo.com,Genderfluid,Skivee,San Juan
Jermaine,jyurygyn4s@nature.com,Male,Livetube,Verkhniy Rohachyk
Arlie,amankor4t@unicef.org,Female,Yabox,Nikolinci
Janith,jpflieger4u@amazon.co.jp,Genderqueer,Brainverse,København
Reynard,rlaunchbury4v@stumbleupon.com,Male,Browsebug,Kunshan
Tremaine,tkenwrick4w@spotify.com,Male,Yakijo,Gaza
Ramsey,rmccardle4x@friendfeed.com,Male,Livetube,Al Khānkah
Dita,dcaney4y@cbslocal.com,Female,Bluezoom,Nikinci
Keen,kgandar4z@java.com,Genderfluid,Thoughtmix,Energodar
Jedediah,jroughey50@ocn.ne.jp,Male,Yabox,Fenghui
Reuven,resley51@samsung.com,Male,Chatterpoint,Qianying
Darby,dposton52@macromedia.com,Male,Cogibox,Pacasmayo
Lianna,lfreer53@weibo.com,Female,Oozz,Cihua
Booth,bguiot54@joomla.org,Male,Chatterbridge,Chengxi
Bel,bmenat55@princeton.edu,Female,Trupe,Mundybash
Analise,ahollyard56@devhub.com,Female,Tekfly,Zhankhoteko
Gideon,gdequincey57@intel.com,Male,Skimia,Xiaoyangqi
Rickey,rcowerd58@gravatar.com,Male,Wikibox,Tyringe
Neddie,nhellwich59@nbcnews.com,Polygender,Meeveo,Oro Verde
Nelson,nbushnell5a@ebay.com,Male,Riffpath,Dayton
Lucien,ltrosdall5b@i2i.jp,Male,Pixope,Santa Rita
Deloris,dgledhall5c@ow.ly,Female,Riffwire,Landerneau
Noach,naxleby5d@sciencedirect.com,Male,Innotype,Slavonice
Rois,rjiras5e@smugmug.com,Female,Buzzbean,Murmashi
Dag,dmacgraith5f@bravesites.com,Genderqueer,Browsedrive,Cigaleuh Kulon
Doralin,dpetrecz5g@uiuc.edu,Female,Flashspan,Portela
Gregoor,gvallery5h@shareasale.com,Male,Thoughtblab,Frankfurt am Main
Barclay,bpelling5i@opera.com,Male,Mymm,Baisha
Sunshine,slink5j@nyu.edu,Female,Bluezoom,Combita
Jolie,jlagde5k@unc.edu,Female,Roomm,Sélestat
Giordano,gsteckings5l@taobao.com,Male,Blogspan,Nantes
Emelen,elifton5m@sourceforge.net,Male,Blogpad,Osveya
Darda,dandriveaux5n@biblegateway.com,Female,Tazz,Zicheng
Cecelia,charpin5o@odnoklassniki.ru,Female,Avavee,Minanga Norte
Cob,cyersin5p@cocolog-nifty.com,Male,Minyx,Changhan
Vivienne,vhansemann5q@narod.ru,Female,Skyble,Rouen
Lizabeth,lgermaine5r@addthis.com,Female,Topicblab,Schiedam postbusnummers
Virgie,vbeeble5s@printfriendly.com,Male,Dynabox,Hengtang
Wells,whentze5t@goo.gl,Male,Abata,Janes
Leela,lblasius5u@irs.gov,Female,Oyonder,Dulangan
Winn,whalshaw5v@gov.uk,Male,Zooxo,Obertyn
Freeland,fcheverell5w@exblog.jp,Polygender,Gabtune,Haugesund
Whitaker,wteresi5x@irs.gov,Male,Demizz,Jatinagara
Darda,dunitt5y@gmpg.org,Female,Photobug,Mungyeong
Noak,nbugs5z@blogger.com,Polygender,Plajo,Ngrejo
Bell,beyers60@youtu.be,Female,Babbleopia,Feričanci
Olivier,ocorona61@artisteer.com,Male,Jayo,Promyshlennovskiy
Friedrick,fdougill62@t.co,Male,Oloo,Pouso Alegre
Logan,lmertel63@liveinternet.ru,Male,Dabfeed,Nan’an
Ozzy,ozmitrovich64@un.org,Male,Topiclounge,Alexandria
Sutherland,swing65@imdb.com,Male,Jaxnation,Oroin Xibe
Dwight,drobison66@flickr.com,Male,Jabbersphere,Waterloo
Emmit,emuir67@ed.gov,Male,Fivebridge,Xia Zanggor
Franny,fglennie68@squidoo.com,Male,Jaloo,Oxapampa
Teodoor,tbryenton69@wisc.edu,Male,Photobean,Kluki
Althea,akhoter6a@utexas.edu,Agender,Centimia,Kalmar
Amii,aorgill6b@purevolume.com,Female,Centimia,Lazaro Cardenas
Gilberta,gdilland6c@apache.org,Female,Bluejam,Santa Lucia
Alys,askoate6d@csmonitor.com,Female,Skimia,Wolowona
Honey,hgagan6e@chicagotribune.com,Bigender,Topdrive,Mulifanua
Blake,bnutley6f@nih.gov,Male,Skinte,Fuxi
Lark,lduling6g@scribd.com,Female,Yotz,Staromyshastovskaya
Erhard,ebenedicto6h@posterous.com,Male,Browsetype,Orange Walk
Dode,dleyman6i@1688.com,Female,Latz,Kasingan
Jareb,jmayoh6j@time.com,Male,Dynazzy,Takaoka
Merill,mtooting6k@businessinsider.com,Male,Meeveo,Manūjān
Roseline,rewbach6l@people.com.cn,Female,Skibox,Timezgana
Wit,wfeldhorn6m@alexa.com,Male,Meembee,Dianzi
Ashleigh,abaudou6n@fema.gov,Female,Photofeed,Xiongshan
Birk,bspilsbury6o@woothemes.com,Male,Bubblebox,Skaramangás
Kirstin,knewell6p@sina.com.cn,Female,Meejo,Ankazoabo
Elle,ecoulthard6q@woothemes.com,Female,Devshare,Bužim
Simonne,slakeman6r@163.com,Female,DabZ,Dalongzhan
Antonella,aadamek6s@w3.org,Female,Quaxo,Melenki
Heall,hmcinally6t@marriott.com,Male,Rhyzio,Santa María de Caparo
Sandro,sglasscoe6u@acquirethisname.com,Male,Geba,Cumanacoa
Thomasine,tbuttel6v@oaic.gov.au,Genderqueer,Vinder,Taiping
Tricia,tweatherdon6w@w3.org,Female,Zoomdog,Biting
Trisha,tburston6x@weebly.com,Female,Meemm,Blois
Aigneis,aburrows6y@so-net.ne.jp,Female,Eayo,Tīrān
Artemis,arestieaux6z@sciencedirect.com,Genderqueer,Blogtags,Virginia
Blinny,bhiorn70@google.com,Female,Tagpad,Quiñota
Jesus,jsedgeman71@imgur.com,Male,Twitterworks,Longwantun
Hetti,honoulane72@homestead.com,Female,Bubbletube,Gozdnica
Clair,cbennington73@shutterfly.com,Female,Zoonder,Lindesberg
Cathe,cjeannel74@weibo.com,Female,Vinte,Tha Luang
Carola,cmcglashan75@netvibes.com,Female,Eayo,Barwałd Górny
Harriott,hoggers76@va.gov,Female,Dabjam,Soweto
Angus,akorneev77@wordpress.org,Male,Twitternation,Guaíra
Mervin,msuttell78@guardian.co.uk,Male,Divanoodle,Ust’-Izhora
Athene,aexall79@usnews.com,Agender,Photofeed,Arlöv
Caddric,cgarwill7a@fastcompany.com,Male,Thoughtbeat,Oepuah
Sid,strevna7b@salon.com,Male,Edgeclub,Putrajaya
Guntar,giskower7c@mozilla.com,Male,Devbug,Chester
Melisandra,mpailin7d@sourceforge.net,Female,Babbleopia,Zhongying
Whitaker,wmatthiae7e@biglobe.ne.jp,Non-binary,Avaveo,Shingū
Gil,gferson7f@state.tx.us,Male,Quatz,Liuhe
Kirsten,kciardo7g@smh.com.au,Female,Oyoyo,Myronivka
Carlyn,cnoseworthy7h@usa.gov,Female,Jabberstorm,Shuiyuan
Hyacinthia,hinns7i@discuz.net,Female,Realcube,Blučina
Wilfred,wbreede7j@harvard.edu,Male,Youtags,Balzar
Elton,egoady7k@mapquest.com,Male,Ooba,Juanshui
Rozelle,rzimmermanns7l@illinois.edu,Female,Thoughtmix,Yishui
Urban,ustellino7m@weather.com,Male,Kaymbo,Dampit
Maisie,mtownes7n@chronoengine.com,Female,Kwinu,San Miguel del Padrón
Wallis,wdikles7o@digg.com,Male,Devpulse,Xichang
Estrella,ebexon7p@telegraph.co.uk,Female,Leexo,Cavadas
Romain,rboyan7q@hud.gov,Male,Fivespan,Yingcui
Eric,efaucett7r@ftc.gov,Male,Aimbu,Bekasi
Marc,moverbury7s@kickstarter.com,Male,Gigabox,Karangpocok
Klara,ktolland7t@walmart.com,Female,Linktype,Sīlat al Ḩārithīyah
Brandice,bpottle7u@elpais.com,Female,Skalith,Hayes
Tomasina,thollebon7v@omniture.com,Genderqueer,Livepath,Yongfeng
Adan,asalliere7w@123-reg.co.uk,Male,Buzzdog,Malata
Klement,kwerndley7x@sciencedaily.com,Male,Leenti,Repnoye
Andros,astarford7y@springer.com,Male,LiveZ,Gorzkowice
Rowena,rsproat7z@4shared.com,Female,Riffpedia,Cikadu
Devlin,dsushams80@yellowbook.com,Male,Blognation,Siquirres
Mignon,mcrammy81@dedecms.com,Female,Ooba,Leon
Moria,mfellos82@ebay.com,Female,Kazio,Rancagadog
Adamo,aglassborow83@cyberchimps.com,Male,Brainsphere,Zamość
Barret,bbritney84@latimes.com,Male,Eidel,Aketi
Nady,nendersby85@sina.com.cn,Female,Skipfire,Montalvão
Trumaine,tteek86@japanpost.jp,Male,Feedspan,Taha Man Zu
Tresa,tmorland87@sfgate.com,Female,Zoomzone,Libei
Jamie,jfossey88@go.com,Female,Dynabox,Pangal Sur
Ronny,rbriton89@theatlantic.com,Polygender,Jabbercube,Mardakyany
Franklyn,fshovel8a@yandex.ru,Male,Shuffledrive,Nelidovo
Meaghan,mkohring8b@blogs.com,Female,Avaveo,Songnan
Artus,acarabine8c@tinypic.com,Male,Npath,Zhenziliang
Arvin,arisborough8d@goo.gl,Male,Teklist,Jubb Ramlah
Ban,bvell8e@bloomberg.com,Male,Mynte,Robatal
Abraham,astockton8f@upenn.edu,Bigender,Quire,Kawangkoan
Ruthi,rroseblade8g@sogou.com,Female,Youopia,Bayeman
Gauthier,gmckew8h@mac.com,Male,Voomm,Murzuq
Drugi,dhuske8i@alibaba.com,Male,Miboo,Daleman
Wendie,wambrosini8j@zdnet.com,Female,Avaveo,Svoge
Anna-diane,atregunnah8k@spotify.com,Female,Realmix,Ongabelen
Jemima,jmacdavitt8l@artisteer.com,Female,Mybuzz,Jutrosin
Nadiya,nklemmt8m@wiley.com,Female,Trilith,Jingtan
Rhodie,rrookeby8n@tinypic.com,Female,Vinder,Gaopai
Staford,smaccaghan8o@ft.com,Male,Mita,Columbus
Roi,rjouanet8p@google.com.hk,Male,Meeveo,Victoria West
Karl,kgabey8q@biblegateway.com,Male,Livetube,Serra Talhada
Livvy,lprestie8r@businessinsider.com,Female,Eayo,Huchang
Kira,ktinsley8s@trellian.com,Female,Plambee,Kota Kinabalu
Raimund,rboadby8t@dagondesign.com,Male,Buzzbean,Landvetter
Alair,ahearty8u@meetup.com,Male,Ntag,Paine
Bernice,bcotterell8v@feedburner.com,Genderqueer,Topicware,Imperatriz
Buddy,bflatte8w@psu.edu,Male,Zoomdog,Mina Clavero
Odell,ogulc8x@forbes.com,Male,Rhyzio,Mataguži
Beau,bmorales8y@blogtalkradio.com,Male,Pixoboo,Marseille
Brien,bwyd8z@dot.gov,Male,Tagchat,Bestala
Alanna,alehuquet90@wunderground.com,Female,Livetube,Mrozy
Beltran,bortas91@technorati.com,Male,Katz,Doghs
Cordi,cwemes92@hibu.com,Female,Mydo,Ciawi
Cyrus,cbrozek93@yahoo.com,Male,Yodo,Piduhe
Trueman,tkelsow94@google.com.hk,Male,InnoZ,Tokarnia
Hyman,hsegeswoeth95@delicious.com,Male,Zoombeat,Karmaskaly
Lewiss,ldelamere96@blinklist.com,Male,Brainsphere,Nova Olímpia
Brynne,bbonnaire97@diigo.com,Female,Yotz,Nikopol
Gerrard,gdudgeon98@google.fr,Male,Centidel,Hengdian
Orren,oclemmitt99@theatlantic.com,Male,Innotype,Santo Amaro
Zora,zwasselin9a@360.cn,Female,Realfire,Cibeureum
Rora,relwill9b@ebay.com,Polygender,Realfire,Qibu
Eula,emarrian9c@utexas.edu,Female,Rhynoodle,Rovnoye
Burg,bbrokenshaw9d@miitbeian.gov.cn,Male,Mita,Huanchillas
Clarey,csnookes9e@wordpress.org,Non-binary,Meemm,Guangyuan
Lucia,lschinetti9f@digg.com,Female,Tagcat,Kloulklubed
Son,schern9g@umn.edu,Male,Dazzlesphere,Jarabacoa
Efrem,eforson9h@samsung.com,Male,Quimba,Bantarjati
Kandy,kwaterland9i@yellowpages.com,Female,Vinte,Zapala
Dorita,dconew9j@last.fm,Female,Minyx,Gradec
Susana,sbyrd9k@comsenz.com,Female,Zoonoodle,Ar Rass
Nestor,nghiraldi9l@comsenz.com,Male,Mudo,Takehara
Winnah,wcaulliere9m@abc.net.au,Female,Jayo,Bunda
Perri,pvonwelden9n@ustream.tv,Female,Youspan,Yaodu
Terese,tgrist9o@loc.gov,Female,Kwinu,Sukmoilang
Carey,crosenthaler9p@vistaprint.com,Male,Photobean,Xindian
Keenan,keddison9q@whitehouse.gov,Male,Zooveo,Jiangjia
Louie,lsaull9r@imdb.com,Male,Trudeo,Piojó
Ulric,uswires9s@dailymail.co.uk,Male,Dabshots,Paojan
Eamon,ebrayshay9t@opensource.org,Non-binary,Photobean,Pyrzyce
Lethia,lgabbatiss9u@so-net.ne.jp,Female,Feedbug,Gaibei
Grantham,gleishman9v@51.la,Male,Skimia,Fenshui
Carlina,cbridel9w@sohu.com,Female,Vinder,La Cruz
Brynna,bstredder9x@adobe.com,Female,Meetz,Debre Mark’os
Lenette,lsowersby9y@mashable.com,Female,Kwimbee,Pasarbaru
Tommy,tscally9z@qq.com,Female,Eabox,Magway
Robina,rlawesa0@technorati.com,Female,Jabbertype,Itapemirim
Ricky,rcalcutta1@nydailynews.com,Male,Skimia,Senhor da Serra
Baryram,bhartupa2@tiny.cc,Male,Cogibox,Shibirghān
Albert,amoylanea3@ebay.com,Male,Photolist,Taroudant
Dominga,dkarrana4@yale.edu,Female,Mita,Atães
Alanson,agulleya5@godaddy.com,Male,Zoozzy,Prómachoi
Darbie,dmacturlougha6@e-recht24.de,Female,Wordware,Ngeru
Verile,vwayletta7@mail.ru,Female,Vinte,Seoul
Tobin,tlowina8@dell.com,Male,Eamia,Hamberang Sabrang
Marty,mlipsetta9@wikispaces.com,Female,Thoughtbeat,Longhu
Cyrill,cheninghamaa@woothemes.com,Male,Feedspan,Mae Wang
Othelia,obueyab@reverbnation.com,Female,Fanoodle,Puerto Natales
Osbert,opindarac@businessinsider.com,Bigender,Jabbercube,Carvalheira
Delia,dfletcherad@51.la,Polygender,Meetz,Chashnikovo
Florinda,ffaulconbridgeae@skype.com,Female,Eimbee,Langkapcaang Hilir
Stanwood,sruddyaf@multiply.com,Male,Vimbo,Xunzhai
Kendall,kdavidzonag@mayoclinic.com,Male,Fatz,Belo
Lanette,ldickersonah@xing.com,Female,Photolist,Shah Alam
Lamond,lwhiskerai@tmall.com,Male,Zoomzone,Knyazhichi
Brooke,brenziniaj@naver.com,Female,Dynava,Čajetina
Sonnie,sblandfordak@harvard.edu,Male,Katz,Copa
Corena,cburdusal@naver.com,Female,Yabox,Victoria
Ailee,aarentam@comsenz.com,Female,Bluejam,Cosmópolis
Clyde,clesarran@ucoz.ru,Male,Ooba,Memaliaj
Lindi,lpeasegoodao@ucoz.com,Female,Aibox,Łubnice
Zachariah,zritchap@booking.com,Bigender,Youspan,Cartagena
Rossie,rpimerickaq@a8.net,Male,Roombo,Mýto
Nanette,nchiplinar@wikia.com,Female,Tagpad,Castro Barros
Prissie,plambersenas@nifty.com,Genderfluid,Ntag,Santa Eulalia
Giffer,gpenkethmanat@google.com.hk,Male,Reallinks,Gornji Petrovci
Henrik,hkordaau@nationalgeographic.com,Male,Topiczoom,Luhansk
Levey,lbrightav@who.int,Male,Dynazzy,Kuala Lumpur
Stephine,snewsteadaw@irs.gov,Female,Gabvine,Naushahro Fīroz
Sena,srewax@fastcompany.com,Female,Buzzdog,Qiancheng
Thorndike,tasletay@4shared.com,Male,Kare,Gīdolē
Minor,mlemonnieraz@edublogs.org,Male,Aibox,Kuršumlija
Charlotta,cmcentagartb0@live.com,Female,Twimm,Jiudu
Aida,adownerb1@friendfeed.com,Female,Talane,Fresno
Kania,kwiddallb2@wordpress.org,Female,Linktype,Futtsu
Selie,svorleyb3@nsw.gov.au,Agender,Thoughtstorm,Chennevières-sur-Marne
Tiff,tcaseborneb4@deliciousdays.com,Female,Wordify,Non Sila
Una,ucarlileb5@ibm.com,Female,Skalith,Tlumačov
Viviene,vyarnb6@mayoclinic.com,Female,Feedfish,Vrsi
Blayne,bdyzartb7@parallels.com,Male,Twiyo,Santa Fe
Andreana,aspenslyb8@ameblo.jp,Female,Wikivu,Fojo
Prentiss,preimsb9@mit.edu,Male,Babbleblab,Ḩarastā
Trace,twigginsba@yandex.ru,Male,Bluejam,Koíla
Deeann,dphillpottsbb@xing.com,Female,Twitterbeat,Şurmān
Jecho,jtittabc@nba.com,Male,Zoozzy,Fuchang
Herschel,hbelshambd@1und1.de,Polygender,Gabspot,Al Jubayhah
Bud,bpilkingtonbe@123-reg.co.uk,Male,Avavee,Rū-ye Sang
Hadria,hbroggiobf@theguardian.com,Female,Riffwire,Tianyuan
Paola,pdavidofbg@ycombinator.com,Female,Ozu,Migori
Hi,hmcclearybh@gmpg.org,Non-binary,Livefish,Verin Artashat
Gerladina,ghamflettbi@infoseek.co.jp,Female,Zoombeat,San Fernando
Ernst,egilfetherbj@dot.gov,Male,Meetz,Södertälje
Hillard,hmasurelbk@qq.com,Male,Gabspot,Lansing
Harmonie,hduquesnaybl@angelfire.com,Female,Tagfeed,Drakino
Brook,bgarrowaybm@edublogs.org,Female,Tagtune,Ancasti
Zared,zwheblebn@deliciousdays.com,Male,Zoomcast,Looc
Fianna,flaudhambo@baidu.com,Female,Wordware,Sumurwaru
Rayshell,rbarsambp@livejournal.com,Female,Gigashots,København
Jobey,jbebbingtonbq@nhs.uk,Female,Shufflester,Çobansığnaq
Ollie,ospinksbr@yellowpages.com,Genderqueer,Zoomcast,Fangtian
Timmi,tbrigginshawbs@angelfire.com,Female,Thoughtsphere,Pescadería
Paolina,pbreffitbt@geocities.com,Female,Katz,Hongwŏn
Ulrika,uvanhaultbu@bigcartel.com,Female,Bubblemix,Vishnyeva
Jimmy,jbillingsbv@vkontakte.ru,Male,Dynabox,Betim
Brien,bgallihaulkbw@youku.com,Male,Feedbug,Kobiernice
Arin,ablaycockbx@seattletimes.com,Male,Skalith,Gubin
Jori,jbunstonby@etsy.com,Female,Vimbo,Xinó Neró
Stephine,smattiazzobz@businessinsider.com,Non-binary,Edgewire,Ondoy
Gottfried,ghodgenc0@cbslocal.com,Male,Zoonoodle,Gandong
Ferris,fpeploec1@statcounter.com,Agender,Vidoo,Dingqing
Shaylynn,swedderburnc2@hibu.com,Female,Flashdog,Ar Rifā‘
Hagen,hjolliec3@liveinternet.ru,Male,Npath,Stockholm
Katharyn,kwinwardc4@admin.ch,Non-binary,Yakidoo,Ranong
Selby,selnoughc5@wix.com,Male,Thoughtworks,Kembang
Carmine,cworwoodc6@t.co,Male,Kwinu,Bolhrad
Thibaut,tfleischmannc7@slashdot.org,Polygender,Thoughtstorm,Corumbá
Ingunna,iruzicc8@marketwatch.com,Female,Tanoodle,Rueil-Malmaison
Kai,kwoolveridgec9@unblog.fr,Female,Geba,Thành Phố Uông Bí
Domeniga,dsortonca@netlog.com,Bigender,Ailane,Kallithéa
Maxwell,mcumminecb@thetimes.co.uk,Male,Mymm,Balīlā
Ariadne,aagatecc@e-recht24.de,Female,Jetpulse,Blahodatne
Kliment,kbonercd@mapy.cz,Male,Rhybox,Serov
Lothario,lfeverce@ox.ac.uk,Male,Wordpedia,Aix-en-Provence
Sybille,shaigcf@ihg.com,Agender,Meembee,Nangkapayung
Lisha,ldungaycg@smh.com.au,Female,Eare,Ciroyom
Lambert,lmeredithch@mail.ru,Male,Browsezoom,Buzet
Mano,mgiorgioneci@telegraph.co.uk,Male,Realcube,Zhaoyuan
Durante,dlandecj@chicagotribune.com,Male,Gabtune,Borås
Boycie,bjeenesck@g.co,Male,Dabtype,Strachówka
Merrick,mhaslincl@cbc.ca,Non-binary,Zooxo,Juupajoki
Tabor,ttombscm@berkeley.edu,Male,Edgetag,Jarry
Damara,dfetterplacecn@biglobe.ne.jp,Female,Livepath,Indramayu
Ambrosius,amawsonco@huffingtonpost.com,Male,Gabtype,Umeå
Roderigo,rtuffreycp@icio.us,Male,Babbleblab,Krasyliv
Pavia,plokercq@craigslist.org,Female,Flipbug,Orzech
Debi,ddobercr@nih.gov,Female,Podcat,San Francisco
Frankie,fkroutcs@netscape.com,Male,Quire,Lille
Chrysa,cgilluleyct@earthlink.net,Female,Realbridge,Villa Elisa
Eddy,emaccallumcu@dedecms.com,Female,Topiclounge,Lameiras
Trescha,tfallowscv@google.es,Female,Zooxo,Farmahīn
Katti,kdarlestoncw@hhs.gov,Female,Podcat,Mbinga
Filmer,ftuisoncx@163.com,Male,Katz,Gradac
Northrup,nnuschacy@sakura.ne.jp,Non-binary,Skimia,Bokor
Urbano,utornscz@pinterest.com,Male,Jaloo,Cisompet
Kippie,kknightleyd0@stumbleupon.com,Female,Topiclounge,Colonia Aurora
Kyle,kbaudassod1@miitbeian.gov.cn,Male,Podcat,Jönköping
Hervey,htheuffd2@arizona.edu,Agender,Myworks,Słubice
Evyn,ejosskowitzd3@myspace.com,Male,Chatterpoint,Jinshanwei
Roscoe,rvoletd4@cocolog-nifty.com,Male,Zoomdog,Samir
Naomi,nbleymand5@google.com,Female,Photobug,Vila Nova da Baronia
Hershel,hbrownselld6@techcrunch.com,Male,Brightbean,Tála
Mendy,mjacquesd7@about.com,Male,Trilith,Kuta
Omar,odutnalld8@marketwatch.com,Male,Demivee,Rodez
Helen,hvuitted9@narod.ru,Agender,Oyondu,Qiantang
Hank,hmattackda@google.it,Male,Jazzy,Narach
Malvin,mbrometdb@earthlink.net,Male,Twimbo,Mejdan - Obilićevo
Dominick,dfilipiakdc@blog.com,Male,Kanoodle,Novhorodka
Mavra,muttermaredd@craigslist.org,Female,Flipstorm,Road Town
Nealon,ndevaande@wired.com,Male,Buzzbean,Aotou
Nanci,nsaffrandf@latimes.com,Female,Kare,Walahir
Braden,btuppdg@paypal.com,Male,Divape,Suwa
Aili,aflannedh@mashable.com,Agender,Flashpoint,Matai
Any,aderhamdi@mozilla.org,Male,Oozz,Oxelösund
Alyssa,awestphaldj@phoca.cz,Female,Twitterlist,Taling
Moishe,mrideoutdk@mysql.com,Male,Lazz,Oslob
Gael,grideoutdl@google.com.au,Male,Mymm,Casa Nova
Sada,ssoppitdm@mtv.com,Female,Dynabox,La Maná
Boot,brissomdn@multiply.com,Male,Eabox,Aranitas
Biddie,bblaguedo@istockphoto.com,Agender,Skaboo,Hecheng
Dee,dridendp@tuttocitta.it,Female,Youtags,Kwangju
Jammie,jnellisdq@t-online.de,Female,Skinte,Dizangué
Daniel,dmynarddr@ask.com,Male,Yodoo,Fushëkuqe
Julianne,jidneyds@earthlink.net,Female,Dabfeed,Semiluki
Cliff,cbrammerdt@youku.com,Male,Skimia,Quatre Bornes
Ameline,athirskdu@jiathis.com,Female,Photolist,Jdaidet el Matn
Odey,oarrandv@example.com,Male,Thoughtbeat,Brwinów
Levy,ltoplissdw@mac.com,Male,Leexo,Ban Mai
Nonna,naronsondx@google.com.hk,Female,Yakijo,Jinzipai
Judi,jarthandy@freewebs.com,Female,Jabbersphere,Černošice
Catlee,cbaistowdz@fastcompany.com,Female,Skilith,Babakan
Jaymie,jberkowitze0@github.com,Male,Shuffledrive,Gaotai
Tine,tdixeye1@europa.eu,Female,Fanoodle,Temyasovo
Max,mjemmisone2@zimbio.com,Male,Brainlounge,Aulnay-sous-Bois
Pedro,pbenadettee3@oracle.com,Male,Snaptags,Baumata
Frasco,fbengocheae4@dion.ne.jp,Male,Jabbertype,Beijie
Lorenzo,lbiddelle5@google.nl,Male,Twitterbridge,Tutnae
Martino,msmithame6@infoseek.co.jp,Male,Voonix,Brodnica
Lynsey,lchutere7@washington.edu,Agender,Bubblebox,Tayabamba
Torrey,tgodilingtone8@mit.edu,Male,Katz,Baihe
Catharina,clindenboime9@4shared.com,Female,Ooba,Pelotas
Petr,pscallanea@cisco.com,Male,Eire,Tongbang
Stacey,sluckmaneb@zdnet.com,Female,Jaxspan,Täby
Martelle,mmcneachtainec@issuu.com,Female,Flashdog,El Tambo
Redd,rkarpushkined@jalbum.net,Male,Meejo,Bourges
Felicia,fschollee@delicious.com,Female,Myworks,San Carlos
Keriann,kpinneyef@homestead.com,Female,Tagpad,Indulang
Ivette,itreweg@posterous.com,Genderqueer,Photobug,Shalya
Latrena,ljurasekeh@free.fr,Female,Yacero,Phitsanulok
Witty,wbrundleei@phoca.cz,Male,Zoomzone,Khanāşir
Ysabel,yleadsej@mozilla.org,Agender,Jetpulse,Heishui
Desiree,dhapkeek@trellian.com,Female,Dynava,Cumaná
Kevon,klidingtonel@pcworld.com,Male,Brightdog,Malalag
Lemmie,ljervoisem@blogspot.com,Male,Devcast,Ehu
Ruddy,rrainsburyen@w3.org,Male,Brightbean,Fuxing
Garrott,gguswelleo@trellian.com,Non-binary,Twimm,Vélizy-Villacoublay
Rhona,rparnallep@xinhuanet.com,Female,DabZ,Sidzina
Laurianne,lullyatteq@cornell.edu,Female,Gigazoom,城郊
Nichols,ntreadgolder@tripadvisor.com,Male,Linkbuzz,Xinglong
Monica,mpendletones@bing.com,Female,Fliptune,Alto Río Senguer
Clarey,cdundinet@goodreads.com,Female,Roomm,Paseh
Kore,kjersheu@livejournal.com,Female,Yodel,Haoping
Urbanus,umumfordev@paypal.com,Male,Wordtune,Manhiça
Sibbie,sciccoew@infoseek.co.jp,Female,Shuffletag,Beijie
Mommy,mnodenex@sphinn.com,Female,Dynabox,Xiangzhu
Augustine,adrakesey@mozilla.org,Male,Lazzy,Druzhny
Enoch,ericcettiez@theguardian.com,Male,Meetz,Cibeureum
Codi,cthurbornf0@freewebs.com,Male,Kwinu,Weixin
Cathlene,clambkinf1@ox.ac.uk,Female,Meedoo,Gbawe
Aldric,abrittlef2@deviantart.com,Male,Photojam,Mosina
Lisle,lbewshiref3@slate.com,Male,Wikibox,Limulan
Daron,dchateletf4@nymag.com,Female,Thoughtstorm,Kermānshāh
Silvio,sgargettf5@mapquest.com,Male,Lazzy,Samouco
Kacie,kpardalf6@vistaprint.com,Female,Tambee,Zhouling
Pasquale,porrahf7@zimbio.com,Male,Yoveo,Fálanna
Sissie,sdelaguaf8@google.ca,Female,Twitterlist,Sergach
Mallissa,mmcnuttf9@businessweek.com,Female,Mydo,Naju
Ralph,rstuttfa@blogspot.com,Genderqueer,Jetwire,Valdemarsvik
Krispin,kthurbyfb@sfgate.com,Male,Podcat,Dzagam
Garvy,gellesfc@fc2.com,Male,Thoughtbridge,Houston
Elden,edewhirstfd@dagondesign.com,Male,Mymm,Tungoo
Harold,hgiloglyfe@guardian.co.uk,Male,Trudeo,Dezhou
Heindrick,hdogetff@go.com,Male,Layo,Hongqi
Kenneth,klangstonefg@businessweek.com,Male,Vinder,Cigaleuh Kulon
Kizzie,kmacdunlevyfh@yolasite.com,Female,Feedspan,Sadahayu
Boonie,blyefi@nymag.com,Male,Kare,Girón
Valentijn,vwoltonfj@tinypic.com,Non-binary,Gabspot,Hongos
Aldo,atremmilfk@joomla.org,Male,Photospace,Liping
Amalee,abucktroutfl@amazon.co.jp,Female,Voonyx,Kinalaglagan
Lucian,ldoodsonfm@goodreads.com,Male,Vinder,Huangxi
Rosana,rabotsonfn@salon.com,Female,Blogtag,Častolovice
Kermit,krumsbyfo@dropbox.com,Male,Bluejam,Kobarid
Derrek,dtoulchfp@taobao.com,Genderfluid,Digitube,Le Havre
Demetre,dmaffionefq@acquirethisname.com,Male,Trunyx,Brive-la-Gaillarde
Lonna,lhonischfr@theatlantic.com,Female,Talane,Babo-Pangulo
Ines,iivanyukovfs@aol.com,Female,Skidoo,Lisovi Sorochyntsi
Osbourn,omayberyft@miibeian.gov.cn,Agender,DabZ,Qiwen
Isabeau,iunsteadfu@auda.org.au,Non-binary,Flashdog,Monaghan
Toddie,tbyrchfv@bbb.org,Male,Meezzy,Gunungpeundeuy
Abner,asanthousefw@ihg.com,Male,Zoonoodle,Zhuangbu
Tiena,tdewsfx@squarespace.com,Female,Photobug,Debrecen
Liliane,lreaneyfy@blinklist.com,Female,Devcast,Selebi-Phikwe
Hilton,hfazackerleyfz@wikipedia.org,Male,Mydeo,Waipawa
Ilaire,ibowtong0@goodreads.com,Male,Jayo,Chebba
Staci,sangelog1@goo.ne.jp,Female,Brainsphere,Huilong
Olvan,oickovitzg2@blogtalkradio.com,Male,Edgetag,Xitianwei
Rora,rizzattg3@people.com.cn,Female,Edgewire,Vito
Rosy,rvardyg4@reverbnation.com,Female,Realbuzz,Nova Venécia
Micaela,mdankog5@about.com,Female,Photobug,High Point
Rowe,rmiddisg6@1688.com,Female,Twinte,Guandian
Fair,fscalag7@sohu.com,Male,Zoombeat,Nagu
Olivier,oellinsg8@java.com,Bigender,Avaveo,Hua Sai
Wilbert,wcristofolinig9@google.com.hk,Male,Oodoo,Bayasgalant
Dag,drutiglianoga@telegraph.co.uk,Male,Dabvine,Marietta
Juliet,jcraingb@unc.edu,Bigender,Voonyx,Bandaran
Glennie,gmarlingc@jalbum.net,Female,Flashpoint,Wielgie
Abelard,adegliantonigd@feedburner.com,Polygender,Topicstorm,Estância Velha
Hollie,hartinge@icio.us,Genderfluid,InnoZ,Itambacuri
Devi,dwedgegf@mit.edu,Female,Trudoo,Shimen
Jeremias,jullrichgg@mysql.com,Male,Muxo,Gò Quao
Fredia,ftoutgh@biglobe.ne.jp,Female,Meezzy,Banghai
Randi,rfrancecionegi@weebly.com,Male,Ooba,Täby
Merrill,mbezantgj@fema.gov,Female,Skyba,Novoanninskiy
Darin,dtaleworthgk@economist.com,Male,Youbridge,Wenwuba
Bobbie,bibertgl@admin.ch,Female,Brainverse,Miami
Wilbur,wbassilashviligm@samsung.com,Male,Wordpedia,Cipesing
Dante,dwinchcumgn@reuters.com,Male,Rhynoodle,Hualian
Germaine,gkewardgo@moonfruit.com,Male,Jabberstorm,Barberena
Dudley,dozeltongp@omniture.com,Male,Jabberbean,San Jacinto
Kattie,klabbgq@foxnews.com,Female,Feedspan,Galūgāh
Gray,gheckgr@wp.com,Female,Jamia,Neiba
Buck,bdaughterygs@yellowbook.com,Male,Skyba,Mbanza-Ngungu
Laverne,lpalphramandgt@wufoo.com,Female,Dabfeed,Järna
Ramsay,rcecilgu@newyorker.com,Male,JumpXS,Kufa
Ruddy,rkerrichgv@de.vu,Male,Browsezoom,Rokiškis
Ciel,ckennerknechtgw@51.la,Female,Npath,Jiangjiazui
Helenelizabeth,hberteletgx@artisteer.com,Female,Fliptune,Andahuaylillas
Marius,mstephensgy@pbs.org,Male,Fatz,Migori
Elena,edightgz@state.tx.us,Female,Yodel,Novalja
Aubree,asalandinoh0@soundcloud.com,Female,Skilith,Mercedes
Emmi,elyeh1@de.vu,Female,Centidel,Bang Phae
Christiana,cmclaneh2@domainmarket.com,Female,Skidoo,Qo‘qon
Rebecka,rstearsh3@army.mil,Female,Abata,Xiping
Elaine,ehellwichh4@wsj.com,Female,Cogilith,Xinshi
Egon,etaddh5@mac.com,Male,Eabox,Ramiriquí
Therese,tmaroneyh6@newyorker.com,Female,Realcube,Trâu Quỳ
Ellissa,eginih7@webnode.com,Female,Jayo,Tena
Yale,ygerhartzh8@nature.com,Male,Talane,Dnipryany
Ora,osturmanh9@icio.us,Female,Quinu,Infantas
Ninnetta,nrevieha@engadget.com,Female,Twitterlist,Öjebyn
Nathan,ngarbutthb@shutterfly.com,Male,Nlounge,Mochudi
Guglielmo,glittlefieldhc@dagondesign.com,Male,Abatz,Barra Mansa
Tracey,tpopleehd@redcross.org,Female,Tagfeed,Solidaridad
Maybelle,mcrossbyhe@pcworld.com,Female,Jabbercube,Rudong
Renaud,rhearehf@aol.com,Male,Browsetype,Sambongmulyo
Grannie,gscorthornehg@paypal.com,Male,Eayo,Tiassalé
Meghann,mdockertyhh@goo.gl,Female,Vinte,Pangtangis Dajah
Mala,mschonfelderhi@microsoft.com,Bigender,Youopia,Hule
Rainer,rbrayshawhj@miibeian.gov.cn,Male,Jayo,Timaru
Skipton,smonellehk@printfriendly.com,Male,Cogidoo,Meneou
Shell,saskamhl@wisc.edu,Female,Quatz,Incheon
Tripp,tthistletonhm@uiuc.edu,Male,Brightdog,Zagórów
Grethel,gstathershn@blogger.com,Female,Camimbo,Vamvakoú
Gilburt,gbettinsonho@ifeng.com,Male,Mydo,Pora
Winthrop,wbreetonhp@tamu.edu,Polygender,Mydeo,Dawwār Tīnjah
Juditha,jbogeyshq@nymag.com,Female,Skimia,Hitura
Codie,chutcheonhr@ustream.tv,Female,Oodoo,Wilkołaz
Cal,creignouldhs@ucsd.edu,Female,Jetwire,Santa Adélia
Merv,miannielloht@163.com,Male,Oyonder,Jawor
Violetta,vropshu@php.net,Female,Skivee,Cumming
Jacintha,jdusthv@bbc.co.uk,Female,Edgepulse,Matsue-shi
Hillary,hconnewhw@ehow.com,Female,Chatterbridge,Guancangping
Farica,flockarthx@instagram.com,Female,Aimbu,Shimada
Charlot,cstiffhy@mapquest.com,Female,Yakijo,Mzimba
Karlens,kbraunleinhz@merriam-webster.com,Male,Yadel,Mvuma
Caddric,cburnessi0@cyberchimps.com,Agender,Oyondu,Mutangyuan
Prissie,pvasishchevi1@amazonaws.com,Female,Jabberstorm,Dolany
Johann,jmacginlayi2@lycos.com,Male,Jayo,Tomohon
Nahum,neaddyi3@buzzfeed.com,Male,Yakitri,Sokol
Benedicta,bnairei4@soundcloud.com,Female,Skyble,Quma
Rudolf,rrhymeri5@zimbio.com,Male,Kaymbo,Ebaye
Kerby,korrocksi6@t.co,Male,Quaxo,Novoukrainskiy
Curran,cnortheasti7@freewebs.com,Genderfluid,Devshare,Itambé
Osbert,okoppensi8@flickr.com,Male,Fliptune,Gonzalo
Konstantine,kgageri9@devhub.com,Male,Babbleblab,Pashiya
Joye,jdunia@wsj.com,Female,Oyoloo,Šuto Orizare
Vasily,vissakovib@slate.com,Male,Feedbug,Bolesławiec
Vinny,vbreweric@devhub.com,Male,Agimba,Tingzhou
Stephana,seyckelbergid@usatoday.com,Female,Voolith,Pirok
Sibyl,skoresie@technorati.com,Male,Livefish,Villeta
Demetri,datwaterif@soundcloud.com,Male,Twinder,Jerada
Neile,nfindenig@github.io,Female,Babbleset,Bīr Zayt
Britteny,bsetchih@stanford.edu,Female,InnoZ,Varennes
Chrissy,clukerii@uiuc.edu,Female,Jayo,Banjar Kelodan
Talyah,thayleij@un.org,Female,Voomm,São Lourenço
Analiese,aiacomettiiik@washingtonpost.com,Female,Aivee,Itapecerica da Serra
Danice,dsparsholtil@github.com,Female,Yacero,Hujiagou
Angeline,awaistallim@macromedia.com,Female,Jamia,Berkovitsa
Lindsy,lpeakerin@booking.com,Genderfluid,Myworks,Shicheng
Neel,nlandalio@purevolume.com,Male,Kaymbo,Lyon
Christy,cnuttip@yahoo.com,Female,Linklinks,Sapotskin
Blake,bbickleiq@taobao.com,Male,Linklinks,Moste
Electra,ekenneyir@uiuc.edu,Female,Zoonder,les Escaldes
Viv,vdevriesis@jigsy.com,Female,Minyx,Huocheng
Prince,pdixseeit@quantcast.com,Male,Skinder,Topeka
Taite,tluebbertiu@ask.com,Male,Thoughtmix,Otok
Alix,agrationiv@amazonaws.com,Male,Roodel,Pirapozinho
Ryley,rdoxeyiw@unc.edu,Male,Ooba,Mambusao
Luis,lshivlinix@privacy.gov.au,Male,Zava,Sabaneta
Friederike,fkuzmaiy@alibaba.com,Female,Quinu,Spas-Zaulok
Rafaello,rtunnaiz@fda.gov,Male,Oozz,Matahuasi
Kris,kqueyosj0@europa.eu,Male,Twitterbeat,San Vicente
Larissa,lbotemanj1@edublogs.org,Female,Realfire,Las Garcitas
Huntley,hdraijerj2@feedburner.com,Male,Yodo,Abuko
Genia,glyenyngj3@nature.com,Agender,Tagfeed,Obispos
Thekla,tmaidesj4@springer.com,Female,Dabtype,Amagbagan
Lorne,lpyffej5@smh.com.au,Male,Mydo,Bato
Britte,bduesberryj6@baidu.com,Female,Oyoloo,Vällingby
Becki,bdeboldj7@state.tx.us,Female,Cogibox,Smederevska Palanka
Stavro,sdennettj8@twitter.com,Male,Kamba,Dean
Mattie,myardleyj9@tripadvisor.com,Male,Mycat,Chodów
Allianora,abilesja@ucla.edu,Female,Wordpedia,Paris La Défense
Vasily,vrekesjb@yale.edu,Male,Oba,Kashiwazaki
Silvio,squaintonjc@mapquest.com,Male,Cogidoo,Matadi
Jorry,jbaxstarjd@hugedomains.com,Female,Edgepulse,Chenzhou
Odella,otunyje@slashdot.org,Female,Realbridge,Lille
Immanuel,ilambshinejf@qq.com,Male,Kimia,Pontevedra
Gloria,gsheadjg@storify.com,Female,Tazz,Kourou
Carmina,cpichmannjh@opensource.org,Female,Centidel,Sonder
Woodrow,wsavellji@constantcontact.com,Male,Jetpulse,Najin
Stinky,sleckenbyjj@canalblog.com,Male,Brightdog,Sopla
Iggy,ibrumwelljk@sourceforge.net,Bigender,Babbleopia,Nagornyy
Robyn,rgeeraertjl@walmart.com,Female,Youfeed,Paris 08
Salmon,sfantejm@si.edu,Male,Oyondu,Motupe
Randy,rjeffryjn@abc.net.au,Female,Trunyx,Nakama
Ado,ahrachovecjo@wikispaces.com,Male,Oozz,Krasnotur’insk
Carley,csprittjp@virginia.edu,Female,Quamba,Meaux
Julianne,jpoulsumjq@noaa.gov,Genderfluid,Cogilith,Victoria
Lou,lenzleyjr@huffingtonpost.com,Male,Riffwire,Jardín
Somerset,smaytomjs@ask.com,Male,Reallinks,Gadžin Han
Ferdinand,fmcteggartjt@sfgate.com,Male,Dynava,Fontenay-sous-Bois
Creight,cjappju@google.fr,Male,Podcat,Balitai
Husein,hkettonjv@ustream.tv,Male,Dabtype,Carregueira
Northrup,nkernejw@elegantthemes.com,Male,Zoomzone,Yong’an
Othello,onisuisjx@google.fr,Male,Mydeo,Xi’an
Valentijn,vfrottonjy@dedecms.com,Male,Jetwire,Wolowona
Alene,asawoodjz@unblog.fr,Female,Tagchat,Toyoshina
Tymon,tscarek0@globo.com,Male,Gabtune,North Perth
Freddy,flumberk1@macromedia.com,Female,Agivu,Migrate
Lydia,laudusk2@tamu.edu,Female,Oyope,Purwosari
Allys,apledgerk3@posterous.com,Female,Tagpad,Bulungu
Sharona,sslyfordk4@photobucket.com,Female,Edgetag,Bislig
Siusan,sgreenhalfk5@privacy.gov.au,Female,Skinder,Ocongate
Ebba,eslimmingk6@statcounter.com,Genderqueer,Muxo,Changping
Thorvald,tmilchk7@mlb.com,Male,Rhynyx,Strasbourg
Brita,bperrik8@flavors.me,Female,Twiyo,Medvedevo
Leighton,lgarbertk9@oakley.com,Male,Brightbean,Pravda
Donalt,dcolsonka@symantec.com,Male,Skivee,Vabalninkas
Travus,ttearkb@google.co.jp,Male,Meejo,Orguz
Nyssa,nmavingkc@mit.edu,Female,Rhynyx,Ganxi
Bari,bgallagherkd@so-net.ne.jp,Female,Quatz,Vila Franca da Beira
Aloisia,atutherke@indiatimes.com,Female,Blognation,Iwaki
Linea,lleaknerkf@mysql.com,Female,Photospace,Naberezhnyye Chelny
Lilyan,lconduitkg@businessweek.com,Female,Jabbertype,Castilla
Rickert,rcorderokh@blogtalkradio.com,Male,Photobean,Yirshi
Moreen,mfakeki@google.com.hk,Female,Livepath,Söderhamn
Blair,bworttkj@canalblog.com,Male,Geba,Coroatá
Ruperta,ralpeskk@icio.us,Female,Quatz,Sanjiao
Eduard,epickhaverkl@amazonaws.com,Polygender,Aivee,Conduaga
Coralyn,charbachkm@ezinearticles.com,Female,Dabshots,Cerro Azul
Jeth,jfedorchenkokn@mapy.cz,Male,Mynte,Macayug
Rodie,rpainterko@quantcast.com,Agender,Buzzdog,A dos Cunhados
Dickie,dmendozakp@cbslocal.com,Male,Topiczoom,Gubengairlangga
Johny,jberingerkq@oakley.com,Male,Topicblab,Greenwood
Hilton,heverkr@jalbum.net,Male,Flashpoint,Aoji-ri
Hobard,hbowditchks@issuu.com,Male,Livetube,Kupusina
Lonni,lokendenkt@51.la,Female,Camimbo,Picoto
Cart,ccholtonku@google.pl,Male,Oyope,Crépy-en-Valois
Townsend,tivermeekv@goodreads.com,Male,Abata,Toledo
Tiebold,tsandbatchkw@aol.com,Male,Buzzster,Nahuo
Aurelea,arampagekx@gizmodo.com,Female,Topicware,Şafwá
Ferdinand,fmckeachieky@netscape.com,Male,Avaveo,Podu
Wenonah,wscrammagekz@census.gov,Female,Bluejam,Nagareyama
Cynthy,cangricl0@sina.com.cn,Female,Skynoodle,Vannes
Ivar,idossitl1@harvard.edu,Male,Skippad,Denton
Windham,wcampagnel2@bing.com,Male,Youspan,Frankfurt am Main
Elayne,esyerl3@ifeng.com,Female,Brightdog,Cayambe
Carlyn,cverricol4@miibeian.gov.cn,Female,Vinte,Czchów
Larine,lgrigorushkinl5@studiopress.com,Female,Janyx,Hamamatsu
Clemmie,cwoolaml6@prweb.com,Male,Npath,Palla
Carmita,cleveel7@hp.com,Female,Quire,Leran Kulon
Bibi,bwhatsonl8@princeton.edu,Female,Zooxo,Verkhniye Achaluki
Zane,zrenzinil9@live.com,Non-binary,Brightdog,San Vicente de Bique
Ethelbert,eenrightla@discovery.com,Male,Yambee,Budapest
Denny,ddelgardolb@elpais.com,Male,Yadel,Tokorozawa
Matti,mspearlc@infoseek.co.jp,Female,Fatz,Ingenio La Esperanza
Ash,afozardld@stanford.edu,Male,Mydeo,Tuanjie
Consolata,cdeeginle@dailymotion.com,Female,Leenti,Facatativá
Deanna,dgristwoodlf@sina.com.cn,Female,Demizz,Telč
Tiphanie,twhittylg@unc.edu,Female,Photobug,Wangchuanchang
Hedi,hmertgenlh@state.gov,Female,Yakijo,Mauloo
Pauly,paphaleli@php.net,Male,Tazz,Ishqoshim
Maryanna,mlemmerlj@house.gov,Female,Blogspan,Vostryakovo
Valdemar,vfumagallolk@unc.edu,Male,Zooveo,Lijia
Mella,mannandll@domainmarket.com,Female,Twiyo,Lewoduli
Brunhilda,bkristofferssonlm@quantcast.com,Female,Mydo,Kaynardzha
Lyn,losherinln@wisc.edu,Female,Skinte,Idalolong
Zolly,zjaggerlo@yale.edu,Male,Youbridge,Quận Năm
Irita,ipollettlp@telegraph.co.uk,Female,Pixoboo,Novo Selo
Faber,fbugbirdlq@pbs.org,Male,Photofeed,Detusoko
Lyon,lanthoneylr@elpais.com,Male,Trilith,Kujung
Artie,arichingsls@intel.com,Male,Livetube,Jilili
Leeland,lsereslt@harvard.edu,Male,Yadel,Magsaysay
Christalle,cpurrylu@printfriendly.com,Female,Riffpedia,Ipís
Pip,pcattowlv@xinhuanet.com,Male,Gigashots,Marovoay
Amil,apresmanlw@virginia.edu,Female,Rooxo,Banyliv
Jacquelynn,jtollidaylx@berkeley.edu,Female,Youtags,Yakovlevo
Moshe,mrummeryly@wufoo.com,Male,Realbridge,Clamart
Pavlov,pbiltlz@fc2.com,Male,Yoveo,Xiaoqi
Huntley,hdiggesm0@amazonaws.com,Male,Divavu,Cajolá
Harli,hfielderm1@newsvine.com,Female,Ntag,Xucheng
Gustave,gcaddenm2@ebay.com,Male,Zooveo,Nowa Sól
Druci,dgrumblem3@google.de,Female,Kazu,Tanashichō
Corinne,cdenverm4@devhub.com,Female,Feedmix,Kolonowskie
Gabie,givankovm5@hud.gov,Female,Jetwire,Gunjur Kuta
Clark,cheafordm6@stanford.edu,Male,Demizz,San Narciso
Sarette,swadwellm7@wiley.com,Female,Zooxo,Sawankhalok
Dolli,dbondleym8@craigslist.org,Female,Podcat,Kaura Namoda
Templeton,tabendrothm9@wiley.com,Polygender,Browsebug,Yam
Meara,mwardenma@eventbrite.com,Female,Riffwire,Hoopstad
Riane,rroathmb@blinklist.com,Female,Kwideo,Zhangdian
Tome,tsymcoxemc@google.ru,Male,Nlounge,Brzozów
Frannie,fstantonmd@oaic.gov.au,Male,Aivee,Lawrenceville
Wandis,wblizardme@com.com,Female,Centimia,Xinpeicun
Stanford,siacovellimf@ow.ly,Male,Vidoo,Baro Kunda
Kain,ksonleymg@indiegogo.com,Male,Browsetype,Dayrūţ
Roxana,rolphertmh@ebay.co.uk,Female,Yambee,Ålesund
Alleyn,aoxterbymi@com.com,Male,Shufflebeat,Xinglin
Meghan,mkuzmamj@google.nl,Female,Agivu,Grande Rivière Noire
Caresa,ctaillmk@fotki.com,Female,Yabox,Simpang
Bryanty,bfawlteyml@google.de,Male,Meetz,Hongqi
Marrissa,mpasseymm@addtoany.com,Genderqueer,Twinder,Komsomolsk
Nancey,nreihmmn@nhs.uk,Polygender,Fatz,Buštěhrad
Daisy,dhalbertmo@google.com,Female,Einti,Baimaqiao
Corliss,cknappenmp@deviantart.com,Non-binary,JumpXS,San Rafael Arriba
Joelynn,jfreethmq@cbsnews.com,Female,Quire,Wanzu
Sonny,sbanfieldmr@discovery.com,Female,Browsezoom,Padasuka
Lucy,lyeldonms@mapquest.com,Female,Tekfly,Nagutskoye
Dane,dellacombemt@homestead.com,Male,Realmix,Mýto
Odella,ovolkermu@ustream.tv,Female,Jamia,Seka
Dolly,dcorgenvinmv@blogger.com,Female,Gabspot,Lysychovo
Abie,atalksmw@youtube.com,Male,Mybuzz,Séléa
Winny,wburroughesmx@acquirethisname.com,Male,Lazz,Sabon Gari-Nangere
Devy,dolivellimy@amazon.co.uk,Male,Yata,Agbani
Anne-corinne,ahariotmz@google.de,Female,Edgewire,Sap Yai
Alec,aworsnupn0@multiply.com,Male,Jaloo,Jawornik
Christos,cmacginleyn1@weather.com,Polygender,Jaxbean,Kidal
Marie-ann,msedgemoren2@slate.com,Female,Mynte,Ngchesar Hamlet
Philbert,pbunclarkn3@nifty.com,Male,Flashdog,Paclolo
Maxy,mmaccaffertyn4@ftc.gov,Female,InnoZ,Rosaspata
Torry,tmainsonn5@salon.com,Male,Yacero,Kazaure
Shoshana,ssouthworthn6@wordpress.org,Female,Wordware,Adamstown
Kayla,ksodorn7@senate.gov,Female,Zoonoodle,Sumberejo
Marjy,mmaccrachenn8@google.cn,Female,Trunyx,Shazhou
Braden,bperutton9@mapquest.com,Male,Skinder,Liusi
Olivia,oeliassonna@fc2.com,Female,Kaymbo,Stockholm
Patric,plittericknb@google.ca,Male,Skidoo,Kaiyun
Eddie,erabbagenc@unc.edu,Male,Voonte,Regnów
Benjamin,blovingnd@yahoo.com,Male,Photobug,Qukës-Skënderbe
Faustina,fgilbanksne@google.com.br,Female,Mynte,Tapado
Stacy,sdelguanf@ycombinator.com,Female,Yakijo,Gaurnadi
Horacio,hstandonng@ca.gov,Male,LiveZ,Mukdahan
Lawton,lblazdellnh@booking.com,Male,Zoonder,Itaquyry
Jase,jweblingni@mail.ru,Male,Meevee,Infanta
Fanchette,fdiceynj@bandcamp.com,Female,Twinder,Micheng
Emmey,ehabblenk@webeden.co.uk,Female,Twimm,Gonghe
Davidson,dheightnl@friendfeed.com,Genderfluid,Trunyx,Mekarsari
Jimmy,jbanesnm@typepad.com,Genderqueer,Gigabox,Altavista
Kendell,kstuffinsnn@pinterest.com,Male,Wordpedia,Bromma
Esdras,eusherno@nymag.com,Male,Quire,Spånga
Gwenora,gllopnp@unblog.fr,Female,Wikivu,Obock
Juan,jleannq@prnewswire.com,Male,Twiyo,Maguling
Frankie,ftrokernr@webnode.com,Female,Divanoodle,Hwaseong-si
Lammond,labrianins@dot.gov,Polygender,Voonyx,Chavárion
Debbie,dcapehornnt@dot.gov,Female,Talane,Inderka
Judas,jdarrellnu@facebook.com,Agender,Vipe,Valeirinha
Wallis,wdibbsnv@ustream.tv,Female,Livetube,Sukowono
Obidiah,ogrigolettinw@home.pl,Male,Riffwire,Wajir
Brennen,bruckhardnx@parallels.com,Male,Aimbo,Ryazanskiy
Boony,bgaufordny@aboutads.info,Male,Trilia,Tobilolong
Harper,hstricklandnz@feedburner.com,Male,Oloo,Shums’k
Amery,aeasmano0@prlog.org,Bigender,Miboo,Guandukou
Che,csterno1@patch.com,Male,Jaxspan,Bilopillya
Jo-ann,jcamseyo2@nsw.gov.au,Female,Gabvine,Novyye Gorki
Rory,rfairclougho3@ucoz.ru,Female,Edgeclub,Mashan
Lin,ldinkino4@edublogs.org,Male,Skibox,Porto Real
Shauna,sfillinghamo5@typepad.com,Female,Nlounge,Uryupinsk
Torrence,tsullenso6@businessweek.com,Male,Browsetype,Passo
Ford,fperotto7@paypal.com,Male,Skibox,Torslanda
Wini,wratleyo8@drupal.org,Female,Wikizz,Changtian
Melva,mgraysmarko9@ucoz.ru,Female,Flashset,San Juan
Dag,dpaddleoa@archive.org,Male,Thoughtbeat,Piru
Jenna,jbakeob@reddit.com,Female,Yodo,Veiga
Cale,callpressoc@washingtonpost.com,Male,Bubblebox,Malabago
Nataniel,ncoulmanod@booking.com,Male,Zooveo,Kyzyldzhar
Kalinda,kweatheyoe@youku.com,Bigender,Voonix,Izbicko
Davey,ddoersof@1und1.de,Male,Eabox,Tarouca
Luisa,lbaalog@rediff.com,Female,Eayo,Vischongo
Anselm,acromlyoh@a8.net,Male,Oyoba,Thung Khru
Valle,vovidoi@ucoz.ru,Male,Flashspan,Solo
Fredrick,fkurtisoj@amazon.com,Polygender,Divanoodle,Mata
Charmian,cmaccallesterok@bloomberg.com,Genderfluid,Skidoo,Zhamog
Werner,wdemaineol@washingtonpost.com,Male,Twitterlist,Sankeng
Leodora,lgormleyom@illinois.edu,Female,Zoonoodle,Rēzekne
Fedora,fgetchon@latimes.com,Female,Flipbug,Czerwonak
Raymund,rpoeloo@com.com,Male,Skiptube,Sollefteå
Cecilius,cmacneillyop@people.com.cn,Male,Thoughtbeat,Orléans
Linc,lsliteoq@ustream.tv,Male,Wikivu,Voronkov
Modestia,mthaxteror@booking.com,Female,Oyondu,Wangge’ertang
Dorry,dwordleyos@chron.com,Female,Eabox,Maxu
Skipton,snergerot@samsung.com,Genderqueer,Browsetype,Longlou
Somerset,ssindallou@noaa.gov,Male,Jaxnation,Järfälla
Marquita,myegorovninov@angelfire.com,Female,Kayveo,Khvānsār
Dorena,dlievesleyow@wikia.com,Female,Zazio,Sassandra
Sanderson,strenbeyox@google.es,Male,Browsedrive,Jalālpur
Francklyn,fjansikoy@reference.com,Male,Wordpedia,Sulitair
Crosby,cbirdsalloz@cnet.com,Male,Yakidoo,Gujō
Rey,rhansberryp0@wordpress.org,Female,Shufflebeat,Huangshi
Kinny,keuelsp1@tuttocitta.it,Male,Katz,Santa Rita
Brit,bcalkenp2@hc360.com,Female,Minyx,San Jorge
Xever,xrustedgep3@google.com.hk,Male,Photobug,Tiyuguan
Basia,bcorkettp4@nytimes.com,Female,Mynte,Parelhas
Pate,pgillisonp5@dailymotion.com,Male,Fivespan,Ipil
Zoe,zcullefordp6@etsy.com,Polygender,Muxo,Shlissel’burg
Jodie,jbarrassep7@devhub.com,Female,Youbridge,Bīr Nabālā
Zacharie,zcoadp8@timesonline.co.uk,Male,Talane,Bintawan
Aridatha,avecardp9@jimdo.com,Female,Zoovu,Banjarsari
Pryce,pbabberpa@blogger.com,Male,Zoozzy,Gyeongsan-si
Rochella,rsaffrinpb@soup.io,Female,Oyoyo,Garzón
Donnamarie,dforberpc@google.com.au,Female,Yodel,Riangbao
Ardys,acaldespd@globo.com,Female,Yodel,Saint Louis
Drugi,dangelinipe@altervista.org,Genderfluid,Topiczoom,Carpentras
Margie,mgullispf@seesaa.net,Female,Riffpath,Mértola
Guglielmo,gbaldackpg@meetup.com,Male,Wikido,Bradashesh
Melosa,mkuhndelph@free.fr,Female,Mymm,Tabaga
Carmita,cfigiovannipi@squarespace.com,Female,Shufflester,Hefu
Neville,nevanspj@fotki.com,Male,Skippad,Varniai
Nanny,nbellefantpk@slideshare.net,Female,Abatz,Tambobamba
Sallee,snutkinspl@booking.com,Female,Edgeclub,Sofifi
Allyn,apointinpm@etsy.com,Female,Centizu,Gaplokan
Hagan,hbinghampn@apple.com,Male,Skimia,São Manços
Mathe,mwhillockpo@geocities.jp,Male,Roomm,Huxingshan
Perl,pquinlanpp@yelp.com,Female,Kwinu,Mazeikiai
Kirsti,kcorpspq@cmu.edu,Female,Yodel,Puget-sur-Argens
Brigitta,bkintishpr@reddit.com,Female,Thoughtblab,Galižana
Whitney,wlisleps@hugedomains.com,Male,Gigaclub,Bang Sao Thong
Roberta,rdickenspt@wisc.edu,Bigender,Riffpedia,Yihe
Kass,kbuckstonpu@cisco.com,Female,Skimia,Sunjia
Carlie,csixsmithpv@csmonitor.com,Female,Skinix,Cantaura
Cordelie,chawkingpw@infoseek.co.jp,Female,Rhyloo,Buenavista
Sergio,sbalffyepx@narod.ru,Agender,Skilith,Revava
Munroe,mleidlpy@newyorker.com,Male,Dabtype,Havířov
Trever,tcossellpz@yandex.ru,Male,Eazzy,Kathu
Domenic,dbensonq0@myspace.com,Male,Quamba,Ugra
Gaven,gdaldanq1@arizona.edu,Male,Youbridge,Waihibar
Pasquale,pbygraveq2@1688.com,Male,Dynabox,Fanrong
Drusi,dmacginleyq3@freewebs.com,Female,Dablist,Kertorejo
Ario,avestyq4@slashdot.org,Male,Buzzster,Olkusz
Nickolai,nrawlsq5@yandex.ru,Male,Skiba,Orlando
Russ,rcattellq6@hubpages.com,Male,Gabvine,Lyon
Douglass,dbrunoq7@sitemeter.com,Male,Skajo,Wat Sing
Hallsy,hwhitehorneq8@mac.com,Male,Aivee,Antimácheia
Salvador,showatq9@cafepress.com,Male,Gigazoom,Osby
Valaree,viglesiaqa@furl.net,Female,Realbridge,Millet
Ethelyn,ecohnqb@sfgate.com,Female,Youbridge,Batusangkar
Sibelle,sackrillqc@state.tx.us,Female,Voonyx,Thành Phố Bà Rịa
Mikol,meallesqd@ebay.co.uk,Male,Eire,Palauig
Skylar,sgherarducciqe@de.vu,Male,Shuffledrive,Staré Město
Alf,agreatheadqf@e-recht24.de,Male,Tanoodle,Tagbacan Ibaba
Rhea,rbirchillqg@ox.ac.uk,Female,Lajo,Sośnicowice
Thayne,tcreanyqh@wisc.edu,Male,Ailane,La’ershan
Guillaume,gvermaqi@wix.com,Male,Kwinu,Thị Trấn Yên Thịnh
Leighton,llaverackqj@mozilla.org,Male,Jetwire,Hova
Fidela,fbuffyqk@jugem.jp,Female,Plajo,Staryy Oskol
Imogene,iwayvillql@fda.gov,Female,Latz,Rakitnoye
Taber,ttuckieqm@yolasite.com,Male,Fivebridge,Nowy Korczyn
Bee,bescoffreyqn@weather.com,Female,Skinder,Las Vegas
Gabby,gskymeqo@elpais.com,Male,Flashdog,Beaung Tengah
Sandy,sinskippqp@wikipedia.org,Female,Oyoyo,Penitik
Krista,kdecourcyqq@cafepress.com,Female,Plajo,Nijemci
Kyrstin,ktukesbyqr@shop-pro.jp,Female,Skinix,Motuo
Wells,wmosenqs@msu.edu,Male,Flashdog,Tambaksumur
Marthena,mcovingtonqt@ow.ly,Female,Devbug,Menara
Madelon,mclydequ@woothemes.com,Female,Realbridge,Rancagua
Ganny,gtiernanqv@domainmarket.com,Male,Jabbertype,Ekibastuz
Phillipe,pcolumbineqw@elegantthemes.com,Male,Thoughtsphere,Mattawa
Dugald,dpaulotqx@google.fr,Male,Rhynoodle,Nuoxizhi
Clementine,ctebbuttqy@cyberchimps.com,Female,Wordware,Heqiao
Birk,bjustunqz@symantec.com,Male,Thoughtstorm,Semamung
Lalo,lcorgenvinr0@who.int,Male,Fatz,Danzi
Giralda,gmedlenr1@elegantthemes.com,Female,Skyvu,Al ‘Azīzīyah
Derick,driddlesdenr2@ask.com,Male,Youbridge,Kyurdarmir
Justine,jstandenr3@nydailynews.com,Female,Mybuzz,Longnawang
Adrianna,ablackebyr4@hud.gov,Female,Vitz,Granard
Paulita,pbharr5@moonfruit.com,Female,Zoombox,Yacuíba
Missie,mrennelsr6@geocities.com,Female,Mydo,Kalugmanan
Gwenette,gaudrittr7@forbes.com,Female,Kayveo,Kavarna
Farlay,fedelmannr8@com.com,Male,Bubblebox,El Sauce
Vivia,vclayer9@sitemeter.com,Female,Blogspan,Sendangagung
Zacherie,zmaudsonra@hexun.com,Male,Yodoo,Bandung
Jeth,jbaberrb@craigslist.org,Male,Blogtags,Hongxing
Quinlan,qgirodinrc@t.co,Male,Thoughtmix,San Quintin
Dorella,dgarfitrd@sphinn.com,Female,Dynabox,Yên Lập
Jilly,jteatherre@netvibes.com,Female,Skipfire,Matiguás
Halsey,hswitlandrf@economist.com,Male,Cogilith,Pasirpanjang
Zerk,zstederg@cmu.edu,Male,Edgewire,Savran’
Ripley,relcockrh@japanpost.jp,Male,Eabox,Zhob
Christi,cfussieri@blog.com,Female,Skaboo,Badou
Aldon,agutmanrj@slideshare.net,Male,Divape,Jos
Kikelia,kjoseferrk@virginia.edu,Female,Centizu,Paldit
Cristian,cdominiakrl@wikia.com,Male,Eimbee,Guapimirim
Cinnamon,ceederm@cloudflare.com,Female,BlogXS,San Jorge
Jilli,jdallossorn@nba.com,Female,Ozu,Bigaa
Sibyl,sogriffinro@house.gov,Female,Shufflebeat,Moroto
Iorgo,itynerp@nhs.uk,Male,Twitternation,Basiong
Marleah,mstpaulrq@techcrunch.com,Female,Zoombox,Sikeshu
Ferdinand,fklessmannrr@blogtalkradio.com,Male,Divavu,Rodotópi
